{"timestamps": [1482587285.237385], "initial_reset_timestamp": 1482587283.177253, "episode_lengths": [19], "episode_rewards": [19.0]}