{"timestamps": [1483035341.928268], "initial_reset_timestamp": 1483035339.670233, "episode_lengths": [16], "episode_rewards": [16.0]}